620893,::1,GET,http://localhost/www/home_cooking/web/app_dev.php/ajout?0=54,1526482897,,200
0de7e1,::1,GET,http://localhost/www/home_cooking/web/app_dev.php/liste,1526482905,,200
4ed370,::1,GET,http://localhost/www/home_cooking/web/app_dev.php/liste/53,1526482912,,302
fffac4,::1,GET,http://localhost/www/home_cooking/web/app_dev.php/liste,1526482912,,200
a063ec,::1,GET,http://localhost/www/home_cooking/web/app_dev.php/liste,1526482925,,200
3d8e00,::1,GET,http://localhost/www/home_cooking/web/app_dev.php/liste,1526482941,,200
3e2d30,::1,GET,http://localhost/www/home_cooking/web/app_dev.php/liste,1526482982,,200
4063e3,::1,GET,http://localhost/www/home_cooking/web/app_dev.php/liste/54,1526482986,,302
78fb05,::1,GET,http://localhost/www/home_cooking/web/app_dev.php/liste,1526482986,,200
5ea799,::1,GET,http://localhost/www/home_cooking/web/app_dev.php/ajout,1526482994,,200
6951b2,::1,POST,http://localhost/www/home_cooking/web/app_dev.php/ajout,1526483014,,302
64f765,::1,GET,http://localhost/www/home_cooking/web/app_dev.php/ajout?0=55,1526483014,,200
4ce7c1,::1,GET,http://localhost/www/home_cooking/web/app_dev.php/ajout?0=55,1526483080,,200
9dec62,::1,GET,http://localhost/www/home_cooking/web/app_dev.php/liste,1526483083,,200
f97b97,::1,GET,http://localhost/www/home_cooking/web/app_dev.php/liste,1526483813,,200
6a8569,::1,GET,http://localhost/www/home_cooking/web/app_dev.php/liste/55,1526483819,,302
de369b,::1,GET,http://localhost/www/home_cooking/web/app_dev.php/liste,1526483819,,200
7dcc69,::1,GET,http://localhost/www/home_cooking/web/app_dev.php/ajout,1526483855,,200
27057f,::1,POST,http://localhost/www/home_cooking/web/app_dev.php/ajout,1526483883,,302
5db2d2,::1,GET,http://localhost/www/home_cooking/web/app_dev.php/ajout?0=56,1526483883,,200
5008d6,::1,GET,http://localhost/www/home_cooking/web/app_dev.php/liste,1526483887,,200
03e5b3,::1,GET,http://localhost/www/home_cooking/web/app_dev.php/update/56,1526483890,d24787,200
d24787,::1,GET,http://localhost/www/home_cooking/web/app_dev.php/update/56,1526483890,,500
7c7540,::1,GET,http://localhost/www/home_cooking/web/app_dev.php/liste,1526484099,,200
7c5767,::1,GET,http://localhost/www/home_cooking/web/app_dev.php/update/56,1526484105,57310d,200
57310d,::1,GET,http://localhost/www/home_cooking/web/app_dev.php/update/56,1526484105,,500
8e090a,::1,GET,http://localhost/www/home_cooking/web/app_dev.php/liste,1526484294,,200
42c546,::1,GET,http://localhost/www/home_cooking/web/app_dev.php/update/56,1526484300,944ca3,200
944ca3,::1,GET,http://localhost/www/home_cooking/web/app_dev.php/update/56,1526484300,,500
6fcb88,::1,GET,http://localhost/www/home_cooking/web/app_dev.php/liste,1526484718,,200
034c7d,::1,GET,http://localhost/www/home_cooking/web/app_dev.php/update/56,1526484721,43cc8e,200
43cc8e,::1,GET,http://localhost/www/home_cooking/web/app_dev.php/update/56,1526484721,,500
3a5c3b,::1,GET,http://localhost/www/home_cooking/web/app_dev.php/liste,1526484763,,200
b36419,::1,GET,http://localhost/www/home_cooking/web/app_dev.php/update/56,1526484767,220a96,200
220a96,::1,GET,http://localhost/www/home_cooking/web/app_dev.php/update/56,1526484767,,500
56b959,::1,GET,http://localhost/www/home_cooking/web/app_dev.php/liste,1526485736,,200
94ce8a,::1,GET,http://localhost/www/home_cooking/web/app_dev.php/update/56,1526485739,61de9f,200
61de9f,::1,GET,http://localhost/www/home_cooking/web/app_dev.php/update/56,1526485739,,500
677e89,::1,GET,http://localhost/www/home_cooking/web/app_dev.php/liste,1526485808,934bdc,200
934bdc,::1,GET,http://localhost/www/home_cooking/web/app_dev.php/liste,1526485808,,500
8866bd,::1,GET,http://localhost/www/home_cooking/web/app_dev.php/accueil,1526501117,,200
7d6db2,::1,GET,http://localhost/www/home_cooking/web/app_dev.php/accueil,1526501130,,200
88933a,::1,GET,http://localhost/www/home_cooking/web/app_dev.php/accueil,1526501141,,200
0e1242,::1,GET,http://localhost/www/home_cooking/web/app_dev.php/accueil,1526501159,,200
5ca36a,::1,GET,http://localhost/www/home_cooking/web/app_dev.php/accueil,1526501218,,200
91a1a5,::1,GET,http://localhost/www/home_cooking/web/app_dev.php/accueil,1526501223,,200
b9a029,::1,GET,http://localhost/www/home_cooking/web/app_dev.php/accueil,1526501249,,200
56bab3,::1,GET,http://localhost/www/home_cooking/web/app_dev.php/accueil,1526502379,,200
be51d7,::1,GET,http://localhost/www/home_cooking/web/app_dev.php/accueil,1526502833,,200
414bd7,::1,GET,http://localhost/www/home_cooking/web/app_dev.php/accueil,1526502854,,200
14b31c,::1,GET,http://localhost/www/home_cooking/web/app_dev.php/accueil,1526503300,,200
5221f9,::1,GET,http://localhost/www/home_cooking/web/app_dev.php/accueil,1526503620,,200
3d343f,::1,GET,http://localhost/www/home_cooking/web/app_dev.php/accueil,1526503661,,200
f78706,::1,GET,http://localhost/www/home_cooking/web/app_dev.php/accueil,1526520723,09b137,200
09b137,::1,GET,http://localhost/www/home_cooking/web/app_dev.php/accueil,1526520723,,500
f95d19,::1,GET,http://localhost/www/home_cooking/web/app_dev.php/accueil,1526520764,0898a4,200
0898a4,::1,GET,http://localhost/www/home_cooking/web/app_dev.php/accueil,1526520764,,500
5d05fa,::1,GET,http://localhost/www/home_cooking/web/app_dev.php/accueil,1526520775,,200
f3d503,::1,GET,http://localhost/www/home_cooking/web/app_dev.php/accueil,1526520794,,200
1502d0,::1,GET,http://localhost/www/home_cooking/web/app_dev.php/accueil,1526522185,003127,200
003127,::1,GET,http://localhost/www/home_cooking/web/app_dev.php/accueil,1526522185,,500
e5caa3,::1,GET,http://localhost/www/home_cooking/web/app_dev.php/accueil,1526522230,2f68ec,200
2f68ec,::1,GET,http://localhost/www/home_cooking/web/app_dev.php/accueil,1526522230,,500
230ab7,::1,GET,http://localhost/www/home_cooking/web/app_dev.php/accueil,1526522260,93f485,200
93f485,::1,GET,http://localhost/www/home_cooking/web/app_dev.php/accueil,1526522260,,500
bf1b7c,::1,GET,http://localhost/www/home_cooking/web/app_dev.php/accueil,1526522397,,200
6cb93f,::1,GET,http://localhost/www/home_cooking/web/app_dev.php/accueil,1526522428,,200
a0f6d2,::1,GET,http://localhost/www/home_cooking/web/app_dev.php/accueil,1526522449,,200
188c5e,::1,GET,http://localhost/www/home_cooking/web/app_dev.php/accueil,1526522480,,200
55db65,::1,GET,http://localhost/www/home_cooking/web/app_dev.php/accueil,1526522499,,200
94c1fc,::1,GET,http://localhost/www/home_cooking/web/app_dev.php/accueil,1526522516,,200
fdafe8,::1,GET,http://localhost/www/home_cooking/web/app_dev.php/accueil,1526522543,,200
648df8,::1,GET,http://localhost/www/home_cooking/web/app_dev.php/accueil,1526522677,,200
d59309,::1,GET,http://localhost/www/home_cooking/web/app_dev.php/accueil,1526522727,,200
18f022,::1,GET,http://localhost/www/home_cooking/web/app_dev.php/accueil,1526522771,ea1c67,200
ea1c67,::1,GET,http://localhost/www/home_cooking/web/app_dev.php/accueil,1526522771,,500
217585,::1,GET,http://localhost/www/home_cooking/web/app_dev.php/accueil,1526522807,,200
000a48,::1,GET,http://localhost/www/home_cooking/web/app_dev.php/accueil,1526523246,,200
1abc1b,::1,GET,http://localhost/www/home_cooking/web/app_dev.php/accueil,1526523268,,200
053b7b,::1,GET,http://localhost/www/home_cooking/web/app_dev.php/accueil,1526523279,,200
5bdb91,::1,GET,http://localhost/www/home_cooking/web/app_dev.php/accueil,1526523308,,200
5ea53c,::1,GET,http://localhost/www/home_cooking/web/app_dev.php/accueil,1526523350,,200
baa565,::1,GET,http://localhost/www/home_cooking/web/app_dev.php/accueil,1526523359,,200
4ab9e5,::1,GET,http://localhost/www/home_cooking/web/app_dev.php/accueil,1526523376,,200
6b1f26,::1,GET,http://localhost/www/home_cooking/web/app_dev.php/accueil,1526523417,,200
5b1374,::1,GET,http://localhost/www/home_cooking/web/app_dev.php/accueil,1526523429,,200
bd781a,::1,GET,http://localhost/www/home_cooking/web/app_dev.php/accueil,1526523443,,200
fcd835,::1,GET,http://localhost/www/home_cooking/web/app_dev.php/accueil,1526523459,,200
d637a7,::1,GET,http://localhost/www/home_cooking/web/app_dev.php/accueil,1526523472,,200
97c4ec,::1,GET,http://localhost/www/home_cooking/web/app_dev.php/accueil,1526523537,,200
19d79f,::1,GET,http://localhost/www/home_cooking/web/app_dev.php/accueil,1526523556,,200
fa7f3d,::1,GET,http://localhost/www/home_cooking/web/app_dev.php/accueil,1526523569,,200
a39ccd,::1,GET,http://localhost/www/home_cooking/web/app_dev.php/accueil,1526523589,,200
311b4b,::1,GET,http://localhost/www/home_cooking/web/app_dev.php/accueil,1526523617,,200
21fdc3,::1,GET,http://localhost/www/home_cooking/web/app_dev.php/accueil,1526524837,,200
519366,::1,GET,http://localhost/www/home_cooking/web/app_dev.php/accueil,1526524870,,200
1f46b2,::1,GET,http://localhost/www/home_cooking/web/app_dev.php/accueil,1526525372,,200
21668b,::1,GET,http://localhost/www/home_cooking/web/app_dev.php/accueil,1526525462,,200
883ce3,::1,GET,http://localhost/www/home_cooking/web/app_dev.php/accueil,1526525616,,200
1fbbe4,::1,GET,http://localhost/www/home_cooking/web/app_dev.php/ajout,1526585904,,200
e0e614,::1,GET,http://localhost/www/home_cooking/web/app_dev.php/ajout,1526588825,,200
99ccc1,::1,GET,http://localhost/www/home_cooking/web/app_dev.php/ajout,1526588847,,200
add065,::1,GET,http://localhost/www/home_cooking/web/app_dev.php/ajout,1526588867,,200
9def53,::1,GET,http://localhost/www/home_cooking/web/app_dev.php/ajout,1526588891,,200
f5742d,::1,GET,http://localhost/www/home_cooking/web/app_dev.php/ajout,1526588915,,200
de30aa,::1,GET,http://localhost/www/home_cooking/web/app_dev.php/ajout,1526588926,,200
5bf8d5,::1,GET,http://localhost/www/home_cooking/web/app_dev.php/ajout,1526589712,,200
894e42,::1,POST,http://localhost/www/home_cooking/web/app_dev.php/ajout,1526590098,,302
950d14,::1,GET,http://localhost/www/home_cooking/web/app_dev.php/ajout?0=57,1526590099,,200
655844,::1,GET,http://localhost/www/home_cooking/web/app_dev.php/ajout,1526590242,,200
a5072d,::1,GET,http://localhost/www/home_cooking/web/app_dev.php/ajout,1526590248,8c0f00,200
8c0f00,::1,POST,http://localhost/www/home_cooking/web/app_dev.php/ajout,1526590248,,500
6b6d7e,::1,GET,http://localhost/www/home_cooking/web/app_dev.php/ajout,1526590518,a26866,200
a26866,::1,POST,http://localhost/www/home_cooking/web/app_dev.php/ajout,1526590518,,500
66f135,::1,GET,http://localhost/www/home_cooking/web/app_dev.php/ajout,1526591302,d3a8ab,200
d3a8ab,::1,POST,http://localhost/www/home_cooking/web/app_dev.php/ajout,1526591302,,500
6da676,::1,POST,http://localhost/www/home_cooking/web/app_dev.php/ajout,1526591844,,200
5b463c,::1,POST,http://localhost/www/home_cooking/web/app_dev.php/ajout,1526591936,,200
1f9665,::1,POST,http://localhost/www/home_cooking/web/app_dev.php/ajout,1526592091,,200
99ffd2,::1,POST,http://localhost/www/home_cooking/web/app_dev.php/ajout,1526592174,,302
3a3bb2,::1,GET,http://localhost/www/home_cooking/web/app_dev.php/ajout?0=1,1526592174,,200
b5c5eb,::1,GET,http://localhost/www/home_cooking/web/app_dev.php/liste,1526592192,ac303b,200
ac303b,::1,GET,http://localhost/www/home_cooking/web/app_dev.php/liste,1526592192,,500
47a31c,::1,GET,http://localhost/www/home_cooking/web/app_dev.php/liste,1526592284,c07346,200
c07346,::1,GET,http://localhost/www/home_cooking/web/app_dev.php/liste,1526592284,,500
593e40,::1,GET,http://localhost/www/home_cooking/web/app_dev.php/liste,1526592317,69d0dd,200
69d0dd,::1,GET,http://localhost/www/home_cooking/web/app_dev.php/liste,1526592317,,500
f9152e,::1,GET,http://localhost/www/home_cooking/web/app_dev.php/liste,1526592366,c393cf,200
c393cf,::1,GET,http://localhost/www/home_cooking/web/app_dev.php/liste,1526592367,,500
9c59e2,::1,GET,http://localhost/www/home_cooking/web/app_dev.php/liste,1526592607,decc7a,200
decc7a,::1,GET,http://localhost/www/home_cooking/web/app_dev.php/liste,1526592607,,500
049f88,::1,GET,http://localhost/www/home_cooking/web/app_dev.php/liste,1526594584,c854ff,200
c854ff,::1,GET,http://localhost/www/home_cooking/web/app_dev.php/liste,1526594584,,500
ab1011,::1,GET,http://localhost/www/home_cooking/web/app_dev.php/ajout,1526594592,,200
20b692,::1,GET,http://localhost/www/home_cooking/web/app_dev.php/liste,1526594696,0bc956,200
0bc956,::1,GET,http://localhost/www/home_cooking/web/app_dev.php/liste,1526594696,,500
2e2706,::1,GET,http://localhost/www/home_cooking/web/app_dev.php/liste,1526594697,75a6ca,200
75a6ca,::1,GET,http://localhost/www/home_cooking/web/app_dev.php/liste,1526594697,,500
7ea9a2,::1,GET,http://localhost/www/home_cooking/web/app_dev.php/liste,1526594701,df71f4,200
df71f4,::1,GET,http://localhost/www/home_cooking/web/app_dev.php/liste,1526594701,,500
c11be7,::1,GET,http://localhost/www/home_cooking/web/app_dev.php/liste,1526594904,,200
bc52a2,::1,GET,http://localhost/www/home_cooking/web/app_dev.php/liste/1,1526594927,,302
0cd3fa,::1,GET,http://localhost/www/home_cooking/web/app_dev.php/liste,1526594927,,200
332eac,::1,GET,http://localhost/www/home_cooking/web/app_dev.php/ajout,1526595221,,200
f46157,::1,GET,http://localhost/www/home_cooking/web/app_dev.php/liste,1526602601,,200
9e97d3,::1,GET,http://localhost/www/home_cooking/web/app_dev.php/ajout,1526602607,,200
779b13,::1,GET,http://localhost/www/home_cooking/web/app_dev.php/accueil,1526637174,,200
835dbb,::1,GET,http://localhost/www/home_cooking/web/app_dev.php/liste,1526637324,,200
4b56c1,::1,GET,http://localhost/www/home_cooking/web/app_dev.php/ajout,1526637355,,200
535bd5,::1,GET,http://localhost/www/home_cooking/web/app_dev.php/accueil,1526637518,,200
f5b5f4,::1,GET,http://localhost/www/home_cooking/web/app_dev.php/liste,1526637622,,200
ee820b,::1,GET,http://localhost/www/home_cooking/web/app_dev.php/liste,1526637732,,200
3338ab,::1,GET,http://localhost/www/home_cooking/web/app_dev.php/ajout,1526637736,,200
03ef76,::1,GET,http://localhost/www/home_cooking/web/app_dev.php/ajout,1526637752,,200
da0301,::1,GET,http://localhost/www/home_cooking/web/app_dev.php/ajout,1526638622,,200
019078,::1,GET,http://localhost/www/home_cooking/web/app_dev.php/ajout,1526638878,,200
e65155,::1,GET,http://localhost/www/home_cooking/web/app_dev.php/ajout,1526638901,,200
9b0d40,::1,GET,http://localhost/www/home_cooking/web/app_dev.php/ajout,1526639641,,200
d30a50,::1,GET,http://localhost/www/home_cooking/web/app_dev.php/ajout,1526644063,,200
72b94c,::1,GET,http://localhost/www/home_cooking/web/app_dev.php/ajout,1526644212,,200
f1526a,::1,GET,http://localhost/www/home_cooking/web/app_dev.php/ajout,1526644303,,200
78f6da,::1,GET,http://localhost/www/home_cooking/web/app_dev.php/ajout,1526644509,,200
f83162,::1,POST,http://localhost/www/home_cooking/web/app_dev.php/ajout,1526644555,,200
27f60c,::1,GET,http://localhost/www/home_cooking/web/app_dev.php/ajout,1526644921,04d849,200
04d849,::1,POST,http://localhost/www/home_cooking/web/app_dev.php/ajout,1526644921,,500
7b253f,::1,POST,http://localhost/www/home_cooking/web/app_dev.php/ajout,1526644985,,200
e3bb16,::1,POST,http://localhost/www/home_cooking/web/app_dev.php/ajout,1526645000,,302
5384ee,::1,GET,http://localhost/www/home_cooking/web/app_dev.php/ajout?0=2,1526645000,,200
73c7bb,::1,GET,http://localhost/www/home_cooking/web/app_dev.php/liste,1526645008,,200
90bf36,::1,GET,http://localhost/www/home_cooking/web/app_dev.php/liste,1526645040,,200
266020,::1,GET,http://localhost/www/home_cooking/web/app_dev.php/update/2,1526645086,05fe9c,200
05fe9c,::1,GET,http://localhost/www/home_cooking/web/app_dev.php/update/2,1526645086,,500
8d4f83,::1,GET,http://localhost/www/home_cooking/web/app_dev.php/update/2,1526645689,271fe8,200
271fe8,::1,GET,http://localhost/www/home_cooking/web/app_dev.php/update/2,1526645689,,404
f0aff4,::1,GET,http://localhost/www/home_cooking/web/app_dev.php/update/2,1526645711,589af5,200
589af5,::1,GET,http://localhost/www/home_cooking/web/app_dev.php/update/2,1526645711,,500
8f4b31,::1,GET,http://localhost/www/home_cooking/web/app_dev.php/update/2,1526645728,d15f13,200
d15f13,::1,GET,http://localhost/www/home_cooking/web/app_dev.php/update/2,1526645728,,404
a9ce60,::1,GET,http://localhost/www/home_cooking/web/app_dev.php/update/2,1526645749,9c3815,200
9c3815,::1,GET,http://localhost/www/home_cooking/web/app_dev.php/update/2,1526645749,,404
c8e5fa,::1,GET,http://localhost/www/home_cooking/web/app_dev.php/update/2,1526645752,42f80d,200
42f80d,::1,GET,http://localhost/www/home_cooking/web/app_dev.php/update/2,1526645752,,404
3d6530,::1,GET,http://localhost/www/home_cooking/web/app_dev.php/ajout,1526646124,,200
0ebe94,::1,GET,http://localhost/www/home_cooking/web/app_dev.php/liste,1526646125,,200
d45ac1,::1,GET,http://localhost/www/home_cooking/web/app_dev.php/update/2,1526646127,bf616d,200
bf616d,::1,GET,http://localhost/www/home_cooking/web/app_dev.php/update/2,1526646127,,500
34ac8c,::1,GET,http://localhost/www/home_cooking/web/app_dev.php/liste,1526646251,,200
6caec9,::1,GET,http://localhost/www/home_cooking/web/app_dev.php/update/2,1526646253,95d72c,200
95d72c,::1,GET,http://localhost/www/home_cooking/web/app_dev.php/update/2,1526646253,,500
77925a,::1,GET,http://localhost/www/home_cooking/web/app_dev.php/update/2,1526646331,852f55,200
852f55,::1,GET,http://localhost/www/home_cooking/web/app_dev.php/update/2,1526646331,,404
7d2436,::1,GET,http://localhost/www/home_cooking/web/app_dev.php/liste,1526646507,,200
4490e2,::1,GET,http://localhost/www/home_cooking/web/app_dev.php/update/2,1526646509,8efd9e,200
8efd9e,::1,GET,http://localhost/www/home_cooking/web/app_dev.php/update/2,1526646509,,500
6835c3,::1,GET,http://localhost/www/home_cooking/web/app_dev.php/update/2,1526646560,6103a6,200
6103a6,::1,GET,http://localhost/www/home_cooking/web/app_dev.php/update/2,1526646560,,500
ffc218,::1,GET,http://localhost/www/home_cooking/web/app_dev.php/update/2,1526646593,c1e351,200
c1e351,::1,GET,http://localhost/www/home_cooking/web/app_dev.php/update/2,1526646593,,500
3d0b56,::1,GET,http://localhost/www/home_cooking/web/app_dev.php/update/2,1526646637,fad2ff,200
fad2ff,::1,GET,http://localhost/www/home_cooking/web/app_dev.php/update/2,1526646637,,500
85a358,::1,GET,http://localhost/www/home_cooking/web/app_dev.php/update/2,1526646724,ee70c7,200
ee70c7,::1,GET,http://localhost/www/home_cooking/web/app_dev.php/update/2,1526646724,,500
a47f2d,::1,GET,http://localhost/www/home_cooking/web/app_dev.php/update/2,1526646734,83126c,200
83126c,::1,GET,http://localhost/www/home_cooking/web/app_dev.php/update/2,1526646734,,500
e583a7,::1,GET,http://localhost/www/home_cooking/web/app_dev.php/update/2,1526646744,8d4421,200
8d4421,::1,GET,http://localhost/www/home_cooking/web/app_dev.php/update/2,1526646744,,500
4ac403,::1,GET,http://localhost/www/home_cooking/web/app_dev.php/update/2,1526646750,8e76f8,200
8e76f8,::1,GET,http://localhost/www/home_cooking/web/app_dev.php/update/2,1526646750,,500
89cf0a,::1,GET,http://localhost/www/home_cooking/web/app_dev.php/update/2,1526646770,5eb0b6,200
5eb0b6,::1,GET,http://localhost/www/home_cooking/web/app_dev.php/update/2,1526646770,,500
f5f1fc,::1,GET,http://localhost/www/home_cooking/web/app_dev.php/update/2,1526647825,,200
f27f72,::1,GET,http://localhost/www/home_cooking/web/app_dev.php/update/2,1526647847,,200
0e9d8e,::1,GET,http://localhost/www/home_cooking/web/app_dev.php/update/2,1526647868,dda9be,200
dda9be,::1,GET,http://localhost/www/home_cooking/web/app_dev.php/update/2,1526647868,,500
353646,::1,GET,http://localhost/www/home_cooking/web/app_dev.php/update/2,1526647879,c9e3ac,200
c9e3ac,::1,GET,http://localhost/www/home_cooking/web/app_dev.php/update/2,1526647879,,500
604ef4,::1,GET,http://localhost/www/home_cooking/web/app_dev.php/update/2,1526647906,,200
58d545,::1,GET,http://localhost/www/home_cooking/web/app_dev.php/update/2,1526647953,,200
46580d,::1,GET,http://localhost/www/home_cooking/web/app_dev.php/update/2,1526647975,,200
1ccfef,::1,GET,http://localhost/www/home_cooking/web/app_dev.php/update/2,1526648063,32de60,200
32de60,::1,GET,http://localhost/www/home_cooking/web/app_dev.php/update/2,1526648063,,404
2bb6ee,::1,GET,http://localhost/www/home_cooking/web/app_dev.php/update/2,1526648072,fe02e4,200
fe02e4,::1,GET,http://localhost/www/home_cooking/web/app_dev.php/update/2,1526648072,,404
39ff59,::1,GET,http://localhost/www/home_cooking/web/app_dev.php/update/2,1526648220,,200
ede08e,::1,GET,http://localhost/www/home_cooking/web/app_dev.php/liste,1526648225,,200
724ac4,::1,GET,http://localhost/www/home_cooking/web/app_dev.php/liste,1526648711,,200
63f7d2,::1,GET,http://localhost/www/home_cooking/web/app_dev.php/update/2,1526648713,,200
70092c,::1,GET,http://localhost/www/home_cooking/web/app_dev.php/update/2,1526648747,2707e3,200
2707e3,::1,GET,http://localhost/www/home_cooking/web/app_dev.php/update/2,1526648747,,500
5351c6,::1,GET,http://localhost/www/home_cooking/web/app_dev.php/update/2,1526648790,548f76,200
548f76,::1,GET,http://localhost/www/home_cooking/web/app_dev.php/update/2,1526648790,,500
554791,::1,GET,http://localhost/www/home_cooking/web/app_dev.php/update/2,1526648803,c8d8f1,200
c8d8f1,::1,GET,http://localhost/www/home_cooking/web/app_dev.php/update/2,1526648803,,500
682bd4,::1,GET,http://localhost/www/home_cooking/web/app_dev.php/update/2,1526648812,,200
9c5b84,::1,GET,http://localhost/www/home_cooking/web/app_dev.php/update/2,1526649319,,200
4e30b4,::1,GET,http://localhost/www/home_cooking/web/app_dev.php/update/2,1526649431,9e1954,200
9e1954,::1,GET,http://localhost/www/home_cooking/web/app_dev.php/update/2,1526649431,,500
d6e604,::1,GET,http://localhost/www/home_cooking/web/app_dev.php/update/2,1526649477,c3c571,200
c3c571,::1,GET,http://localhost/www/home_cooking/web/app_dev.php/update/2,1526649477,,500
8a1ff7,::1,GET,http://localhost/www/home_cooking/web/app_dev.php/update/2,1526649863,0b99ff,200
0b99ff,::1,GET,http://localhost/www/home_cooking/web/app_dev.php/update/2,1526649863,,500
c47c49,::1,GET,http://localhost/www/home_cooking/web/app_dev.php/update/2,1526649880,fcc9e7,200
fcc9e7,::1,GET,http://localhost/www/home_cooking/web/app_dev.php/update/2,1526649880,,500
635ccc,::1,GET,http://localhost/www/home_cooking/web/app_dev.php/update/2,1526649896,5f1db8,200
5f1db8,::1,GET,http://localhost/www/home_cooking/web/app_dev.php/update/2,1526649896,,500
3eae9c,::1,GET,http://localhost/www/home_cooking/web/app_dev.php/update/2,1526649946,050e39,200
050e39,::1,GET,http://localhost/www/home_cooking/web/app_dev.php/update/2,1526649946,,500
90b76e,::1,GET,http://localhost/www/home_cooking/web/app_dev.php/update/2,1526649958,,200
c0eead,::1,GET,http://localhost/www/home_cooking/web/app_dev.php/update/2,1526650050,,200
8f0b9b,::1,GET,http://localhost/www/home_cooking/web/app_dev.php/update/2,1526650086,,200
eacadf,::1,GET,http://localhost/www/home_cooking/web/app_dev.php/update/2,1526650265,9f0c2b,200
9f0c2b,::1,GET,http://localhost/www/home_cooking/web/app_dev.php/update/2,1526650265,,500
3f83e7,::1,GET,http://localhost/www/home_cooking/web/app_dev.php/update/2,1526650316,8332f1,200
8332f1,::1,GET,http://localhost/www/home_cooking/web/app_dev.php/update/2,1526650316,,500
38e05c,::1,GET,http://localhost/www/home_cooking/web/app_dev.php/update/2,1526650324,c289e1,200
c289e1,::1,GET,http://localhost/www/home_cooking/web/app_dev.php/update/2,1526650324,,500
33555c,::1,GET,http://localhost/www/home_cooking/web/app_dev.php/update/2,1526650358,00f7a7,200
00f7a7,::1,GET,http://localhost/www/home_cooking/web/app_dev.php/update/2,1526650358,,500
262739,::1,GET,http://localhost/www/home_cooking/web/app_dev.php/update/2,1526650372,1559fc,200
1559fc,::1,GET,http://localhost/www/home_cooking/web/app_dev.php/update/2,1526650372,,500
ac0d9a,::1,GET,http://localhost/www/home_cooking/web/app_dev.php/update/2,1526650541,7ee396,200
7ee396,::1,GET,http://localhost/www/home_cooking/web/app_dev.php/update/2,1526650541,,500
f32b85,::1,GET,http://localhost/www/home_cooking/web/app_dev.php/update/2,1526650610,1c0228,200
1c0228,::1,GET,http://localhost/www/home_cooking/web/app_dev.php/update/2,1526650610,,500
da72d6,::1,GET,http://localhost/www/home_cooking/web/app_dev.php/update/2,1526650774,397f20,200
397f20,::1,GET,http://localhost/www/home_cooking/web/app_dev.php/update/2,1526650774,,500
fa35ef,::1,GET,http://localhost/www/home_cooking/web/app_dev.php/update/2,1526650783,a9c16f,200
a9c16f,::1,GET,http://localhost/www/home_cooking/web/app_dev.php/update/2,1526650783,,500
62bf1d,::1,GET,http://localhost/www/home_cooking/web/app_dev.php/update/2,1526650802,19b222,200
19b222,::1,GET,http://localhost/www/home_cooking/web/app_dev.php/update/2,1526650802,,500
26bbc6,::1,GET,http://localhost/www/home_cooking/web/app_dev.php/update/2,1526650913,f057fc,200
f057fc,::1,GET,http://localhost/www/home_cooking/web/app_dev.php/update/2,1526650913,,500
b6885d,::1,GET,http://localhost/www/home_cooking/web/app_dev.php/update/2,1526650928,c3afb9,200
c3afb9,::1,GET,http://localhost/www/home_cooking/web/app_dev.php/update/2,1526650928,,500
23e7bf,::1,GET,http://localhost/www/home_cooking/web/app_dev.php/update/2,1526650986,741084,200
741084,::1,GET,http://localhost/www/home_cooking/web/app_dev.php/update/2,1526650986,,500
81d19c,::1,GET,http://localhost/www/home_cooking/web/app_dev.php/update/2,1526650992,471c66,200
471c66,::1,GET,http://localhost/www/home_cooking/web/app_dev.php/update/2,1526650992,,500
4ade01,::1,GET,http://localhost/www/home_cooking/web/app_dev.php/update/2,1526650999,35572f,200
35572f,::1,GET,http://localhost/www/home_cooking/web/app_dev.php/update/2,1526650999,,500
479817,::1,GET,http://localhost/www/home_cooking/web/app_dev.php/update/2,1526651026,70beeb,200
70beeb,::1,GET,http://localhost/www/home_cooking/web/app_dev.php/update/2,1526651026,,500
8287a1,::1,GET,http://localhost/www/home_cooking/web/app_dev.php/update/2,1526651060,8d52f7,200
8d52f7,::1,GET,http://localhost/www/home_cooking/web/app_dev.php/update/2,1526651060,,500
b03c31,::1,GET,http://localhost/www/home_cooking/web/app_dev.php/update/2,1526651072,dc928c,200
dc928c,::1,GET,http://localhost/www/home_cooking/web/app_dev.php/update/2,1526651072,,500
d32ff3,::1,GET,http://localhost/www/home_cooking/web/app_dev.php/update/2,1526651135,724e8d,200
724e8d,::1,GET,http://localhost/www/home_cooking/web/app_dev.php/update/2,1526651135,,500
87a76a,::1,GET,http://localhost/www/home_cooking/web/app_dev.php/update/2,1526651189,c62077,200
c62077,::1,GET,http://localhost/www/home_cooking/web/app_dev.php/update/2,1526651189,,500
99dc98,::1,GET,http://localhost/www/home_cooking/web/app_dev.php/update/2,1526651264,,200
d828c5,::1,GET,http://localhost/www/home_cooking/web/app_dev.php/ajout,1526651348,,200
93d46c,::1,GET,http://localhost/www/home_cooking/web/app_dev.php/liste,1526651354,,200
a4a0f6,::1,POST,http://localhost/www/home_cooking/web/app_dev.php/update/2,1526651375,,302
85842f,::1,GET,http://localhost/www/home_cooking/web/app_dev.php/liste,1526651375,,200
287fce,::1,GET,http://localhost/www/home_cooking/web/app_dev.php/liste,1526651379,,200
0ab685,::1,GET,http://localhost/www/home_cooking/web/app_dev.php/liste,1526651701,,200
07cd4a,::1,GET,http://localhost/www/home_cooking/web/app_dev.php/ajout,1526651703,,200
65f3cb,::1,GET,http://localhost/www/home_cooking/web/app_dev.php/accueil,1526651963,,200
ab94e5,::1,GET,http://localhost/www/home_cooking/web/app_dev.php/liste,1526651996,,200
80a44a,::1,GET,http://localhost/www/home_cooking/web/app_dev.php/accueil,1526652158,,200
ed00c7,::1,GET,http://localhost/www/home_cooking/web/app_dev.php/accueil,1526652200,,200
0aba53,::1,GET,http://localhost/www/home_cooking/web/app_dev.php/accueil,1526652216,,200
916415,::1,GET,http://localhost/www/home_cooking/web/app_dev.php/accueil,1526753389,,200
7baa5d,::1,GET,http://localhost/www/home_cooking/web/app_dev.php/accueil,1526753415,,200
cd35f9,::1,GET,http://localhost/www/home_cooking/web/app_dev.php/accueil,1526753431,,200
a42843,::1,GET,http://localhost/www/home_cooking/web/app_dev.php/accueil,1526753440,,200
97aebb,::1,GET,http://localhost/www/home_cooking/web/app_dev.php/accueil,1526753760,,200
389e6b,::1,GET,http://localhost/www/home_cooking/web/app_dev.php/accueil,1526753775,,200
b22059,::1,GET,http://localhost/www/home_cooking/web/app_dev.php/accueil,1526753811,,200
77d86c,::1,GET,http://localhost/www/home_cooking/web/app_dev.php/accueil,1526753843,,200
321881,::1,GET,http://localhost/www/home_cooking/web/app_dev.php/accueil,1526753875,,200
e72bb0,::1,GET,http://localhost/www/home_cooking/web/app_dev.php/accueil,1526753915,,200
a3ec02,::1,GET,http://localhost/www/home_cooking/web/app_dev.php/accueil,1526753948,,200
a8fb85,::1,GET,http://localhost/www/home_cooking/web/app_dev.php/accueil,1526753993,,200
7ee8d3,::1,GET,http://localhost/www/home_cooking/web/app_dev.php/accueil,1526755380,,200
a8c362,::1,GET,http://localhost/www/home_cooking/web/app_dev.php/accueil,1526755399,,200
360388,::1,GET,http://localhost/www/home_cooking/web/app_dev.php/accueil,1526755411,,200
6ea283,::1,GET,http://localhost/www/home_cooking/web/app_dev.php/accueil,1526755512,,200
0f00cb,::1,GET,http://localhost/www/home_cooking/web/app_dev.php/accueil,1526755573,,200
276061,::1,GET,http://localhost/www/home_cooking/web/app_dev.php/accueil,1526755590,,200
24c6ca,::1,GET,http://localhost/www/home_cooking/web/app_dev.php/accueil,1526755593,,200
61fc94,::1,GET,http://localhost/www/home_cooking/web/app_dev.php/accueil,1526755604,,200
ae69fb,::1,GET,http://localhost/www/home_cooking/web/app_dev.php/accueil,1526755881,,200
f39236,::1,GET,http://localhost/www/home_cooking/web/app_dev.php/liste,1526757477,,200
3c6581,::1,GET,http://localhost/www/home_cooking/web/app_dev.php/moz,1526757484,,200
e8f9d2,::1,GET,http://localhost/www/home_cooking/web/app_dev.php/moz,1526757574,,200
baffbd,::1,GET,http://localhost/www/home_cooking/web/app_dev.php/moz,1526760553,,200
9cf991,::1,GET,http://localhost/www/home_cooking/web/app_dev.php/moz,1526760556,,200
84e35e,::1,GET,http://localhost/www/home_cooking/web/app_dev.php/moz,1526760569,,200
a0c300,::1,GET,http://localhost/www/home_cooking/web/app_dev.php/moz,1526760592,,200
5aa702,::1,GET,http://localhost/www/home_cooking/web/app_dev.php/moz,1526760623,,200
7c617e,::1,GET,http://localhost/www/home_cooking/web/app_dev.php/accueil,1526809584,,200
ab7e4b,::1,GET,http://localhost/www/home_cooking/web/app_dev.php/accueil,1526809626,,200
78fc6e,::1,GET,http://localhost/www/home_cooking/web/app_dev.php/accueil,1526809786,,200
9d3478,::1,GET,http://localhost/www/home_cooking/web/app_dev.php/accueil,1526810945,,200
94c363,::1,GET,http://localhost/www/home_cooking/web/app_dev.php/accueil,1526810981,,200
8425b0,::1,GET,http://localhost/www/home_cooking/web/app_dev.php/accueil,1526811024,,200
40bee5,::1,GET,http://localhost/www/home_cooking/web/app_dev.php/accueil,1526811262,,200
56e76c,::1,GET,http://localhost/www/home_cooking/web/app_dev.php/accueil,1526811464,,200
2828ef,::1,GET,http://localhost/www/home_cooking/web/app_dev.php/accueil,1526811505,,200
23a363,::1,GET,http://localhost/www/home_cooking/web/app_dev.php/accueil,1526811544,,200
627127,::1,GET,http://localhost/www/home_cooking/web/app_dev.php/accueil,1526811595,,200
2d8c6f,::1,GET,http://localhost/www/home_cooking/web/app_dev.php/accueil,1526811615,,200
e16322,::1,GET,http://localhost/www/home_cooking/web/app_dev.php/accueil,1526811624,,200
b20eda,::1,GET,http://localhost/www/home_cooking/web/app_dev.php/moz,1526811710,,200
11d462,::1,GET,http://localhost/www/home_cooking/web/app_dev.php/accueil,1526825477,,200
71f11e,::1,GET,http://localhost/www/home_cooking/web/app_dev.php/accueil,1526825551,,200
4cd2f2,::1,GET,http://localhost/www/home_cooking/web/app_dev.php/accueil,1526825582,,200
45f736,::1,GET,http://localhost/www/home_cooking/web/app_dev.php/accueil,1526825666,,200
4c05ec,::1,GET,http://localhost/www/home_cooking/web/app_dev.php/accueil,1526825718,,200
8b36a1,::1,GET,http://localhost/www/home_cooking/web/app_dev.php/accueil,1526825811,,200
dcb7a8,::1,GET,http://localhost/www/home_cooking/web/app_dev.php/accueil,1526825912,,200
d6bfa1,::1,GET,http://localhost/www/home_cooking/web/app_dev.php/accueil,1526825945,,200
974ecb,::1,GET,http://localhost/www/home_cooking/web/app_dev.php/accueil,1526825964,,200
74fd71,::1,GET,http://localhost/www/home_cooking/web/app_dev.php/liste,1526825970,,200
671615,::1,GET,http://localhost/www/home_cooking/web/app_dev.php/accueil,1526825973,,200
e2849a,::1,GET,http://localhost/www/home_cooking/web/app_dev.php/liste,1526825975,,200
530624,::1,GET,http://localhost/www/home_cooking/web/app_dev.php/accueil,1526825976,,200
a0a226,::1,GET,http://localhost/www/home_cooking/web/app_dev.php/liste,1526825979,,200
2b317f,::1,GET,http://localhost/www/home_cooking/web/app_dev.php/accueil,1526825982,,200
55715d,::1,GET,http://localhost/www/home_cooking/web/app_dev.php/liste,1526825992,,200
795cc2,::1,GET,http://localhost/www/home_cooking/web/app_dev.php/accueil,1526825994,,200
808cd2,::1,GET,http://localhost/www/home_cooking/web/app_dev.php/liste,1526826028,,200
da5d6c,::1,GET,http://localhost/www/home_cooking/web/app_dev.php/accueil,1526826035,,200
feb2fd,::1,GET,http://localhost/www/home_cooking/web/app_dev.php/accueil,1526826132,,200
049c55,::1,GET,http://localhost/www/home_cooking/web/app_dev.php/accueil,1526826208,,200
6cd415,::1,GET,http://localhost/www/home_cooking/web/app_dev.php/liste,1526826246,,200
7db863,::1,GET,http://localhost/www/home_cooking/web/app_dev.php/accueil,1526826268,,200
711277,::1,GET,http://localhost/www/home_cooking/web/app_dev.php/liste,1526826275,,200
8faeba,::1,GET,http://localhost/www/home_cooking/web/app_dev.php/accueil,1526826276,,200
d98496,::1,GET,http://localhost/www/home_cooking/web/app_dev.php/accueil,1526826413,3d2dc4,200
3d2dc4,::1,GET,http://localhost/www/home_cooking/web/app_dev.php/accueil,1526826413,,500
86235e,::1,GET,http://localhost/www/home_cooking/web/app_dev.php/accueil,1526826439,0ab14b,200
0ab14b,::1,GET,http://localhost/www/home_cooking/web/app_dev.php/accueil,1526826439,,500
db9eef,::1,GET,http://localhost/www/home_cooking/web/app_dev.php/accueil,1526826447,,200
066a0b,::1,GET,http://localhost/www/home_cooking/web/app_dev.php/accueil,1526826469,,200
9a3232,::1,GET,http://localhost/www/home_cooking/web/app_dev.php/accueil,1526826533,,200
6966b5,::1,GET,http://localhost/www/home_cooking/web/app_dev.php/liste,1526826535,,200
f2086d,::1,GET,http://localhost/www/home_cooking/web/app_dev.php/accueil,1526826536,,200
a3d235,::1,GET,http://localhost/www/home_cooking/web/app_dev.php/accueil,1526827332,387064,200
387064,::1,GET,http://localhost/www/home_cooking/web/app_dev.php/accueil,1526827332,,500
171803,::1,GET,http://localhost/www/home_cooking/web/app_dev.php/accueil,1526827353,,200
25c47f,::1,GET,http://localhost/www/home_cooking/web/app_dev.php/liste,1526827360,,200
1038e7,::1,GET,http://localhost/www/home_cooking/web/app_dev.php/accueil,1526827365,,200
9cf2da,::1,GET,http://localhost/www/home_cooking/web/app_dev.php/accueil,1526827437,,200
157dfc,::1,GET,http://localhost/www/home_cooking/web/app_dev.php/accueil,1526827503,,200
51c43e,::1,GET,http://localhost/www/home_cooking/web/app_dev.php/accueil,1526827519,,200
f888ab,::1,GET,http://localhost/www/home_cooking/web/app_dev.php/accueil,1526827537,,200
12093e,::1,GET,http://localhost/www/home_cooking/web/app_dev.php/accueil,1526827634,,200
f12e59,::1,GET,http://localhost/www/home_cooking/web/app_dev.php/accueil,1526827659,,200
8bacb3,::1,GET,http://localhost/www/home_cooking/web/app_dev.php/accueil,1526827694,,200
be5e0f,::1,GET,http://localhost/www/home_cooking/web/app_dev.php/accueil,1526827756,,200
b491dd,::1,GET,http://localhost/www/home_cooking/web/app_dev.php/accueil,1526827815,,200
6b1b17,::1,GET,http://localhost/www/home_cooking/web/app_dev.php/accueil,1526827857,,200
362c04,::1,GET,http://localhost/www/home_cooking/web/app_dev.php/accueil,1526827893,,200
3acfc7,::1,GET,http://localhost/www/home_cooking/web/app_dev.php/accueil,1526827934,,200
470729,::1,GET,http://localhost/www/home_cooking/web/app_dev.php/accueil,1526827961,,200
ee9133,::1,GET,http://localhost/www/home_cooking/web/app_dev.php/accueil,1526828012,,200
c0f5ab,::1,GET,http://localhost/www/home_cooking/web/app_dev.php/accueil,1526828104,,200
40fa04,::1,GET,http://localhost/www/home_cooking/web/app_dev.php/accueil,1526828124,,200
44fc9e,::1,GET,http://localhost/www/home_cooking/web/app_dev.php/accueil,1526828192,,200
111a25,::1,GET,http://localhost/www/home_cooking/web/app_dev.php/accueil,1526828212,,200
d1aae3,::1,GET,http://localhost/www/home_cooking/web/app_dev.php/accueil,1526828249,,200
35dc68,::1,GET,http://localhost/www/home_cooking/web/app_dev.php/accueil,1526828267,,200
f92d08,::1,GET,http://localhost/www/home_cooking/web/app_dev.php/accueil,1526828307,,200
5e9a46,::1,GET,http://localhost/www/home_cooking/web/app_dev.php/accueil,1526828326,,200
92bf3e,::1,GET,http://localhost/www/home_cooking/web/app_dev.php/accueil,1526828399,,200
622760,::1,GET,http://localhost/www/home_cooking/web/app_dev.php/accueil,1526828426,,200
d4b661,::1,GET,http://localhost/www/home_cooking/web/app_dev.php/accueil,1526828453,,200
f60989,::1,GET,http://localhost/www/home_cooking/web/app_dev.php/accueil,1526828471,,200
00d772,::1,GET,http://localhost/www/home_cooking/web/app_dev.php/accueil,1526828516,,200
1233db,::1,GET,http://localhost/www/home_cooking/web/app_dev.php/accueil,1526828573,,200
6c76cd,::1,GET,http://localhost/www/home_cooking/web/app_dev.php/accueil,1526828592,,200
7a49a6,::1,GET,http://localhost/www/home_cooking/web/app_dev.php/accueil,1526828611,,200
0d6c3c,::1,GET,http://localhost/www/home_cooking/web/app_dev.php/accueil,1526828638,,200
a7d203,::1,GET,http://localhost/www/home_cooking/web/app_dev.php/accueil,1526828650,,200
e91b58,::1,GET,http://localhost/www/home_cooking/web/app_dev.php/accueil,1526828659,,200
d6599a,::1,GET,http://localhost/www/home_cooking/web/app_dev.php/accueil,1526828696,,200
a720f6,::1,GET,http://localhost/www/home_cooking/web/app_dev.php/accueil,1526828716,,200
faac6e,::1,GET,http://localhost/www/home_cooking/web/app_dev.php/accueil,1526828753,,200
931988,::1,GET,http://localhost/www/home_cooking/web/app_dev.php/accueil,1526828831,,200
93955c,::1,GET,http://localhost/www/home_cooking/web/app_dev.php/accueil,1526828849,,200
fb8a75,::1,GET,http://localhost/www/home_cooking/web/app_dev.php/accueil,1526828871,,200
098941,::1,GET,http://localhost/www/home_cooking/web/app_dev.php/accueil,1526828891,,200
1aee10,::1,GET,http://localhost/www/home_cooking/web/app_dev.php/accueil,1526828910,,200
9c58af,::1,GET,http://localhost/www/home_cooking/web/app_dev.php/accueil,1526828930,,200
9bc304,::1,GET,http://localhost/www/home_cooking/web/app_dev.php/accueil,1526828948,,200
0113d7,::1,GET,http://localhost/www/home_cooking/web/app_dev.php/accueil,1526828986,,200
344448,::1,GET,http://localhost/www/home_cooking/web/app_dev.php/accueil,1526829012,,200
0c183d,::1,GET,http://localhost/www/home_cooking/web/app_dev.php/accueil,1526829061,,200
0cc4f4,::1,GET,http://localhost/www/home_cooking/web/app_dev.php/accueil,1526829151,,200
8aecf4,::1,GET,http://localhost/www/home_cooking/web/app_dev.php/accueil,1526829190,,200
b7b015,::1,GET,http://localhost/www/home_cooking/web/app_dev.php/accueil,1526829208,,200
85a9f4,::1,GET,http://localhost/www/home_cooking/web/app_dev.php/accueil,1526829246,,200
073699,::1,GET,http://localhost/www/home_cooking/web/app_dev.php/accueil,1526829280,,200
602f4b,::1,GET,http://localhost/www/home_cooking/web/app_dev.php/accueil,1526829299,,200
16a854,::1,GET,http://localhost/www/home_cooking/web/app_dev.php/accueil,1526829328,,200
33aa14,::1,GET,http://localhost/www/home_cooking/web/app_dev.php/accueil,1526829447,,200
c80a55,::1,GET,http://localhost/www/home_cooking/web/app_dev.php/accueil,1526829463,,200
4734be,::1,GET,http://localhost/www/home_cooking/web/app_dev.php/accueil,1526829473,,200
48dddd,::1,GET,http://localhost/www/home_cooking/web/app_dev.php/accueil,1526829495,,200
c47836,::1,GET,http://localhost/www/home_cooking/web/app_dev.php/accueil,1526829516,,200
b1fe8d,::1,GET,http://localhost/www/home_cooking/web/app_dev.php/accueil,1526829532,,200
9c8678,::1,GET,http://localhost/www/home_cooking/web/app_dev.php/accueil,1526829550,,200
529bec,::1,GET,http://localhost/www/home_cooking/web/app_dev.php/accueil,1526829596,,200
4ae0fd,::1,GET,http://localhost/www/home_cooking/web/app_dev.php/accueil,1526829619,,200
bd6f53,::1,GET,http://localhost/www/home_cooking/web/app_dev.php/accueil,1526829660,,200
fd639b,::1,GET,http://localhost/www/home_cooking/web/app_dev.php/accueil,1526829710,,200
8a857f,::1,GET,http://localhost/www/home_cooking/web/app_dev.php/accueil,1526829742,,200
10b4ad,::1,GET,http://localhost/www/home_cooking/web/app_dev.php/accueil,1526829791,,200
10bb4c,::1,GET,http://localhost/www/home_cooking/web/app_dev.php/accueil,1526829817,,200
eee082,::1,GET,http://localhost/www/home_cooking/web/app_dev.php/accueil,1526829874,,200
ccd52b,::1,GET,http://localhost/www/home_cooking/web/app_dev.php/accueil,1526829884,,200
833868,::1,GET,http://localhost/www/home_cooking/web/app_dev.php/accueil,1526829920,,200
194ef2,::1,GET,http://localhost/www/home_cooking/web/app_dev.php/accueil,1526829945,,200
de07ad,::1,GET,http://localhost/www/home_cooking/web/app_dev.php/accueil,1526829964,,200
06f4bc,::1,GET,http://localhost/www/home_cooking/web/app_dev.php/accueil,1526829981,,200
9392a7,::1,GET,http://localhost/www/home_cooking/web/app_dev.php/accueil,1526830003,,200
9ddbce,::1,GET,http://localhost/www/home_cooking/web/app_dev.php/accueil,1526830028,,200
fa4ba4,::1,GET,http://localhost/www/home_cooking/web/app_dev.php/accueil,1526830055,,200
aa8a72,::1,GET,http://localhost/www/home_cooking/web/app_dev.php/accueil,1526830087,,200
25c1e2,::1,GET,http://localhost/www/home_cooking/web/app_dev.php/accueil,1526830200,,200
0c6a03,::1,GET,http://localhost/www/home_cooking/web/app_dev.php/accueil,1526830226,,200
8905c6,::1,GET,http://localhost/www/home_cooking/web/app_dev.php/accueil,1526830258,,200
b761dc,::1,GET,http://localhost/www/home_cooking/web/app_dev.php/accueil,1526830360,,200
5e2516,::1,GET,http://localhost/www/home_cooking/web/app_dev.php/accueil,1526830388,,200
001175,::1,GET,http://localhost/www/home_cooking/web/app_dev.php/accueil,1526830436,,200
43b663,::1,GET,http://localhost/www/home_cooking/web/app_dev.php/accueil,1526830689,,200
35ae3a,::1,GET,http://localhost/www/home_cooking/web/app_dev.php/accueil,1526830754,,200
69bc93,::1,GET,http://localhost/www/home_cooking/web/app_dev.php/accueil,1526830792,,200
082c16,::1,GET,http://localhost/www/home_cooking/web/app_dev.php/accueil,1526830819,,200
547902,::1,GET,http://localhost/www/home_cooking/web/app_dev.php/accueil,1526830830,,200
93c66f,::1,GET,http://localhost/www/home_cooking/web/app_dev.php/accueil,1526830849,,200
886d3f,::1,GET,http://localhost/www/home_cooking/web/app_dev.php/accueil,1526830906,,200
eee08f,::1,GET,http://localhost/www/home_cooking/web/app_dev.php/accueil,1526830930,,200
93d56f,::1,GET,http://localhost/www/home_cooking/web/app_dev.php/accueil,1526830961,,200
78f48c,::1,GET,http://localhost/www/home_cooking/web/app_dev.php/accueil,1526831047,,200
7579f9,::1,GET,http://localhost/www/home_cooking/web/app_dev.php/accueil,1526831075,,200
95027e,::1,GET,http://localhost/www/home_cooking/web/app_dev.php/accueil,1526831189,,200
43eed5,::1,GET,http://localhost/www/home_cooking/web/app_dev.php/accueil,1526831233,,200
54901b,::1,GET,http://localhost/www/home_cooking/web/app_dev.php/accueil,1526831361,,200
6b8d6c,::1,GET,http://localhost/www/home_cooking/web/app_dev.php/accueil,1526831380,,200
f9f712,::1,GET,http://localhost/www/home_cooking/web/app_dev.php/accueil,1526831537,,200
466d5b,::1,GET,http://localhost/www/home_cooking/web/app_dev.php/accueil,1526831606,,200
03f84b,::1,GET,http://localhost/www/home_cooking/web/app_dev.php/accueil,1526843793,,200
bd1445,::1,GET,http://localhost/www/home_cooking/web/app_dev.php/accueil,1526843831,,200
140e81,::1,GET,http://localhost/www/home_cooking/web/app_dev.php/accueil,1526843897,,200
3a1a7f,::1,GET,http://localhost/www/home_cooking/web/app_dev.php/accueil,1526843948,,200
1fadb4,::1,GET,http://localhost/www/home_cooking/web/app_dev.php/accueil,1526844002,,200
8a7914,::1,GET,http://localhost/www/home_cooking/web/app_dev.php/accueil,1526844095,,200
57e11d,::1,GET,http://localhost/www/home_cooking/web/app_dev.php/accueil,1526844118,,200
c36dd1,::1,GET,http://localhost/www/home_cooking/web/app_dev.php/accueil,1526844144,,200
d86b16,::1,GET,http://localhost/www/home_cooking/web/app_dev.php/accueil,1526844175,,200
a42d8d,::1,GET,http://localhost/www/home_cooking/web/app_dev.php/accueil,1526844321,,200
9feb89,::1,GET,http://localhost/www/home_cooking/web/app_dev.php/accueil,1526844338,,200
1ab6b6,::1,GET,http://localhost/www/home_cooking/web/app_dev.php/accueil,1526844621,,200
18380b,::1,GET,http://localhost/www/home_cooking/web/app_dev.php/accueil,1526844643,,200
3f6e88,::1,GET,http://localhost/www/home_cooking/web/app_dev.php/accueil,1526844689,,200
e9a668,::1,GET,http://localhost/www/home_cooking/web/app_dev.php/accueil,1526844718,,200
2d8de2,::1,GET,http://localhost/www/home_cooking/web/app_dev.php/accueil,1526844828,,200
fca1ae,::1,GET,http://localhost/www/home_cooking/web/app_dev.php/accueil,1526844899,,200
cb6fe2,::1,GET,http://localhost/www/home_cooking/web/app_dev.php/accueil,1526844916,,200
345931,::1,GET,http://localhost/www/home_cooking/web/app_dev.php/accueil,1526844949,,200
84ccad,::1,GET,http://localhost/www/home_cooking/web/app_dev.php/accueil,1526844971,,200
0a53aa,::1,GET,http://localhost/www/home_cooking/web/app_dev.php/accueil,1526844994,,200
96d255,::1,GET,http://localhost/www/home_cooking/web/app_dev.php/accueil,1526845016,,200
96d5e3,::1,GET,http://localhost/www/home_cooking/web/app_dev.php/accueil,1526845087,,200
0d3ca0,::1,GET,http://localhost/www/home_cooking/web/app_dev.php/accueil,1526845106,,200
5c8c60,::1,GET,http://localhost/www/home_cooking/web/app_dev.php/accueil,1526845216,,200
1a8c8d,::1,GET,http://localhost/www/home_cooking/web/app_dev.php/accueil,1526845234,,200
7aca81,::1,GET,http://localhost/www/home_cooking/web/app_dev.php/accueil,1526845252,,200
3998f0,::1,GET,http://localhost/www/home_cooking/web/app_dev.php/accueil,1526845282,,200
459063,::1,GET,http://localhost/www/home_cooking/web/app_dev.php/accueil,1526845299,,200
2995ee,::1,GET,http://localhost/www/home_cooking/web/app_dev.php/accueil,1526845313,,200
21f400,::1,GET,http://localhost/www/home_cooking/web/app_dev.php/accueil,1526845380,,200
b3388a,::1,GET,http://localhost/www/home_cooking/web/app_dev.php/liste,1526845403,,200
d6b4f3,::1,GET,http://localhost/www/home_cooking/web/app_dev.php/liste,1526845578,,200
be05ac,::1,GET,http://localhost/www/home_cooking/web/app_dev.php/liste,1526845644,,200
2c4ddb,::1,GET,http://localhost/www/home_cooking/web/app_dev.php/liste,1526845674,,200
00764a,::1,GET,http://localhost/www/home_cooking/web/app_dev.php/liste,1526856725,,200
d475c2,::1,GET,http://localhost/www/home_cooking/web/app_dev.php/accueil,1526856860,,200
68b6aa,::1,GET,http://localhost/www/home_cooking/web/app_dev.php/accueil,1526856863,,200
5ecefe,::1,GET,http://localhost/www/home_cooking/web/app_dev.php/recettes,1526856865,,200
632329,::1,GET,http://localhost/www/home_cooking/web/app_dev.php/accueil,1526856908,,200
148260,::1,GET,http://localhost/www/home_cooking/web/app_dev.php/liste,1526856910,,200
20b519,::1,GET,http://localhost/www/home_cooking/web/app_dev.php/recettes,1526856912,,200
e021e0,::1,GET,http://localhost/www/home_cooking/web/app_dev.php/liste,1526857002,,200
4edc4a,::1,GET,http://localhost/www/home_cooking/web/app_dev.php/accueil,1526857006,,200
6e3cc0,::1,GET,http://localhost/www/home_cooking/web/app_dev.php/recettes,1526857007,5a8510,200
5a8510,::1,GET,http://localhost/www/home_cooking/web/app_dev.php/recettes,1526857007,,500
2018f0,::1,GET,http://localhost/www/home_cooking/web/app_dev.php/recettes,1526857155,f97e82,200
f97e82,::1,GET,http://localhost/www/home_cooking/web/app_dev.php/recettes,1526857155,,500
0a2763,::1,GET,http://localhost/www/home_cooking/web/app_dev.php/accueil,1526857161,,200
394c08,::1,GET,http://localhost/www/home_cooking/web/app_dev.php/recettes,1526857163,f2f3bd,200
f2f3bd,::1,GET,http://localhost/www/home_cooking/web/app_dev.php/recettes,1526857163,,500
3a4154,::1,GET,http://localhost/www/home_cooking/web/app_dev.php/recettes,1526857189,,200
bbec43,::1,GET,http://localhost/www/home_cooking/web/app_dev.php/accueil,1526857193,,200
99f7da,::1,GET,http://localhost/www/home_cooking/web/app_dev.php/recettes,1526857194,,200
983899,::1,GET,http://localhost/www/home_cooking/web/app_dev.php/liste,1526857195,,200
684657,::1,GET,http://localhost/www/home_cooking/web/app_dev.php/accueil,1526857237,,200
